id;created;status;task;user_id
1;2020-10-05T14:22:35;Mobility;../fake-data/blob/hipster.txt;1
2;2020-10-05T01:51:58;Cambridgeshire;../fake-data/blob/hipster.txt;2
3;2020-10-04T19:14:07;lime communities;../fake-data/blob/hipster.txt;1
4;2020-10-05T04:40:04;Connecticut Garden Guyana Dollar;../fake-data/blob/hipster.txt;1
5;2020-10-05T12:26:54;Investment Account;../fake-data/blob/hipster.txt;2
6;2020-10-04T19:27:49;Ameliorated Port;../fake-data/blob/hipster.txt;1
7;2020-10-05T01:35:09;override;../fake-data/blob/hipster.txt;2
8;2020-10-05T08:59:28;South Dakota Illinois;../fake-data/blob/hipster.txt;2
9;2020-10-05T17:24:52;Buckinghamshire communities program;../fake-data/blob/hipster.txt;1
10;2020-10-05T11:48:05;Soap Chair Rubber;../fake-data/blob/hipster.txt;2
